Order ID,Amount,Profit,Quantity,Category,Sub-Category,Date
B-25601,1275,-1148,7,Furniture,Bookcases,1/4/2020
B-25601,66,-12,5,Clothing,Stole,1/5/2020
B-25601,80,-56,4,Electronics,Electronic Games,1/6/2020
B-25602,168,-111,2,Electronics,Phones,1/7/2020
B-25602,424,-272,5,Electronics,Phones,1/8/2020
B-25602,2617,1151,4,Electronics,Phones,1/9/2020
B-25603,1355,-60,5,Clothing,Trousers,1/10/2020
B-25603,24,-30,1,Furniture,Chairs,1/11/2020
B-25603,180,5,3,Clothing,Trousers,1/12/2020
B-25603,116,16,4,Clothing,Stole,1/13/2020
B-25603,107,36,6,Clothing,Stole,1/14/2020
B-25604,65,17,2,Clothing,T-shirt,1/15/2020
B-25606,87,4,2,Clothing,Shirt,1/16/2020
B-25607,50,15,4,Clothing,Leggings,1/17/2020
B-25608,1364,-1864,5,Furniture,Tables,1/18/2020
B-25608,476,0,3,Furniture,Chairs,1/19/2020
B-25608,856,385,6,Electronics,Printers,1/20/2020
B-25609,485,29,4,Electronics,Electronic Games,1/21/2020
B-25610,1076,-38,4,Electronics,Printers,1/22/2020
B-25610,107,-54,4,Clothing,Stole,1/23/2020
B-25610,68,-55,5,Electronics,Accessories,1/24/2020
B-25610,781,-594,6,Electronics,Printers,1/25/2020
B-25610,30,-5,2,Furniture,Furnishings,1/26/2020
B-25612,259,-55,2,Furniture,Chairs,1/27/2020
B-25614,494,54,4,Furniture,Bookcases,1/28/2020
B-25614,98,-12,2,Electronics,Electronic Games,1/29/2020
B-25616,116,-56,5,Clothing,Stole,1/30/2020
B-25617,305,-270,5,Electronics,Electronic Games,1/31/2020
B-25618,362,127,1,Furniture,Bookcases,2/1/2020
B-25620,193,46,1,Electronics,Printers,2/2/2020
B-25621,233,-10,5,Electronics,Electronic Games,2/3/2020
B-25621,228,63,3,Electronics,Electronic Games,2/4/2020
B-25621,333,-15,3,Electronics,Phones,2/5/2020
B-25623,53,1,4,Clothing,Stole,2/6/2020
B-25623,158,69,3,Clothing,Stole,2/7/2020
B-25623,105,20,2,Clothing,Stole,2/8/2020
B-25625,59,30,3,Clothing,Leggings,2/9/2020
B-25626,46,-14,1,Electronics,Phones,2/10/2020
B-25626,1103,-276,3,Furniture,Chairs,2/11/2020
B-25627,55,-39,4,Clothing,Stole,2/12/2020
B-25628,45,13,4,Clothing,Skirt,2/13/2020
B-25628,35,-8,2,Furniture,Furnishings,2/14/2020
B-25629,1560,421,3,Clothing,Trousers,2/15/2020
B-25630,133,12,5,Clothing,Stole,2/16/2020
B-25630,143,-129,2,Electronics,Phones,2/17/2020
B-25630,40,-7,3,Clothing,Stole,2/18/2020
B-25630,34,-22,4,Clothing,T-shirt,2/19/2020
B-25631,89,-89,2,Furniture,Furnishings,2/20/2020
B-25632,19,-2,2,Clothing,Leggings,2/21/2020
B-25633,249,-130,4,Electronics,Phones,2/22/2020
B-25633,496,-79,2,Clothing,Trousers,2/23/2020
B-25634,389,-83,3,Furniture,Chairs,2/24/2020
B-25635,23,2,2,Clothing,Skirt,2/25/2020
B-25637,117,14,3,Clothing,Shirt,2/26/2020
B-25638,182,-11,3,Furniture,Bookcases,2/27/2020
B-25638,880,97,8,Furniture,Furnishings,2/28/2020
B-25638,816,-96,3,Electronics,Printers,3/1/2020
B-25639,1629,-153,3,Electronics,Phones,3/2/2020
B-25640,68,-62,2,Clothing,Trousers,3/3/2020
B-25641,22,-6,1,Furniture,Furnishings,3/4/2020
B-25642,434,26,11,Clothing,Shirt,3/5/2020
B-25643,1061,-36,8,Furniture,Bookcases,3/6/2020
B-25643,37,-23,4,Clothing,Shirt,3/7/2020
B-25643,263,-63,2,Electronics,Electronic Games,3/8/2020
B-25643,36,-7,1,Electronics,Electronic Games,3/9/2020
B-25644,76,-92,8,Furniture,Furnishings,3/10/2020
B-25645,273,-87,4,Electronics,Phones,3/11/2020
B-25645,86,0,4,Clothing,T-shirt,3/12/2020
B-25645,133,-42,1,Electronics,Printers,3/13/2020
B-25645,183,-66,5,Electronics,Phones,3/14/2020
B-25648,100,-23,1,Electronics,Phones,3/15/2020
B-25648,30,13,1,Clothing,T-shirt,3/16/2020
B-25649,27,-25,2,Clothing,Stole,3/17/2020
B-25650,245,-78,2,Electronics,Printers,3/18/2020
B-25650,28,-26,2,Clothing,Stole,3/19/2020
B-25650,925,-447,5,Electronics,Electronic Games,3/20/2020
B-25650,351,-47,8,Electronics,Phones,3/21/2020
B-25650,269,111,3,Clothing,Trousers,3/22/2020
B-25651,200,-60,4,Furniture,Bookcases,3/23/2020
B-25651,44,-8,3,Clothing,Stole,3/24/2020
B-25651,7,0,1,Clothing,Leggings,3/25/2020
B-25651,11,-4,2,Clothing,Skirt,3/26/2020
B-25651,16,-10,2,Clothing,T-shirt,3/27/2020
B-25651,172,-103,3,Furniture,Chairs,3/28/2020
B-25651,49,3,1,Clothing,Shirt,3/29/2020
B-25651,823,-18,7,Furniture,Chairs,3/30/2020
B-25652,24,-21,7,Clothing,Skirt,3/31/2020
B-25652,174,-70,3,Electronics,Accessories,4/1/2020
B-25652,21,-13,3,Clothing,Leggings,4/2/2020
B-25652,34,-6,4,Clothing,Leggings,4/3/2020
B-25653,1279,-640,8,Electronics,Printers,4/4/2020
B-25653,427,-50,7,Electronics,Phones,4/5/2020
B-25653,168,-10,3,Electronics,Accessories,4/6/2020
B-25653,1327,318,8,Furniture,Chairs,4/7/2020
B-25653,195,-117,5,Electronics,Phones,4/8/2020
B-25653,115,25,1,Electronics,Accessories,4/9/2020
B-25653,668,-31,3,Electronics,Printers,4/10/2020
B-25653,227,102,8,Electronics,Accessories,4/11/2020
B-25654,269,-86,2,Electronics,Electronic Games,4/12/2020
B-25654,122,-21,3,Furniture,Furnishings,4/13/2020
B-25654,105,46,2,Clothing,Stole,4/14/2020
B-25654,450,-90,3,Electronics,Printers,4/15/2020
B-25654,121,-17,3,Furniture,Furnishings,4/16/2020
B-25655,97,-62,2,Clothing,Trousers,4/17/2020
B-25655,312,-312,7,Furniture,Chairs,4/18/2020
B-25655,9,-6,2,Clothing,Skirt,4/19/2020
B-25655,74,23,8,Clothing,Skirt,4/20/2020
B-25656,30,-5,5,Clothing,Stole,4/21/2020
B-25656,624,37,2,Electronics,Electronic Games,4/22/2020
B-25656,101,18,9,Clothing,Skirt,4/23/2020
B-25656,651,169,5,Electronics,Printers,4/24/2020
B-25657,1021,-48,4,Electronics,Electronic Games,4/25/2020
B-25657,332,-43,6,Electronics,Phones,4/26/2020
B-25657,288,-180,4,Furniture,Chairs,4/27/2020
B-25658,27,9,2,Clothing,T-shirt,4/28/2020
B-25659,148,72,7,Clothing,T-shirt,4/29/2020
B-25661,224,-81,3,Furniture,Chairs,4/30/2020
B-25661,58,-42,2,Furniture,Chairs,5/1/2020
B-25661,145,-104,5,Furniture,Chairs,5/2/2020
B-25661,55,-33,2,Furniture,Chairs,5/3/2020
B-25662,24,-2,2,Clothing,T-shirt,5/4/2020
B-25662,86,-21,1,Electronics,Electronic Games,5/5/2020
B-25662,385,-77,11,Furniture,Furnishings,5/6/2020
B-25663,294,138,2,Electronics,Printers,5/7/2020
B-25664,444,-200,4,Electronics,Phones,5/8/2020
B-25664,785,52,2,Electronics,Phones,5/9/2020
B-25664,258,-27,2,Electronics,Phones,5/10/2020
B-25664,83,-48,1,Furniture,Bookcases,5/11/2020
B-25665,166,-113,4,Electronics,Accessories,5/12/2020
B-25666,934,-916,7,Electronics,Electronic Games,5/13/2020
B-25667,41,6,5,Clothing,Skirt,5/14/2020
B-25667,1030,206,8,Electronics,Printers,5/15/2020
B-25667,516,69,4,Furniture,Bookcases,5/16/2020
B-25668,123,17,3,Furniture,Furnishings,5/17/2020
B-25669,610,-66,2,Furniture,Tables,5/18/2020
B-25670,74,29,3,Clothing,Stole,5/19/2020
B-25670,656,-36,2,Furniture,Bookcases,5/20/2020
B-25671,832,0,3,Clothing,Trousers,5/21/2020
B-25672,27,-15,1,Clothing,Stole,5/22/2020
B-25673,45,-2,4,Clothing,Shirt,5/23/2020
B-25673,37,-5,3,Clothing,T-shirt,5/24/2020
B-25674,17,-12,5,Clothing,Skirt,5/25/2020
B-25676,342,-103,4,Electronics,Electronic Games,5/26/2020
B-25676,1263,-56,5,Clothing,Trousers,5/27/2020
B-25676,674,-187,2,Furniture,Tables,5/28/2020
B-25676,32,6,3,Clothing,Shirt,5/29/2020
B-25676,79,36,4,Clothing,Shirt,5/30/2020
B-25677,20,-2,1,Electronics,Accessories,5/31/2020
B-25678,7,-3,2,Clothing,Skirt,6/1/2020
B-25678,327,-39,1,Electronics,Phones,6/2/2020
B-25678,27,-25,2,Clothing,Shirt,6/3/2020
B-25681,68,-27,3,Electronics,Accessories,6/4/2020
B-25681,523,204,7,Clothing,Trousers,6/5/2020
B-25681,243,-14,2,Furniture,Chairs,6/6/2020
B-25681,1625,-77,3,Electronics,Phones,6/7/2020
B-25681,1096,-658,7,Electronics,Electronic Games,6/8/2020
B-25682,545,-73,11,Electronics,Phones,6/9/2020
B-25683,433,26,3,Electronics,Printers,6/10/2020
B-25683,245,-3,4,Electronics,Phones,6/11/2020
B-25683,155,56,3,Furniture,Furnishings,6/12/2020
B-25683,148,52,5,Clothing,Stole,6/13/2020
B-25684,134,42,2,Furniture,Chairs,6/14/2020
B-25685,51,7,2,Furniture,Furnishings,6/15/2020
B-25685,529,137,3,Electronics,Phones,6/16/2020
B-25685,264,-30,3,Furniture,Furnishings,6/17/2020
B-25685,45,-2,4,Clothing,Shirt,6/18/2020
B-25686,332,-503,3,Electronics,Printers,6/19/2020
B-25686,1829,-56,6,Furniture,Tables,6/20/2020
B-25687,17,6,1,Clothing,Stole,6/21/2020
B-25687,51,21,3,Clothing,T-shirt,6/22/2020
B-25689,469,-459,3,Electronics,Electronic Games,6/23/2020
B-25689,97,17,2,Clothing,Stole,6/24/2020
B-25689,149,36,3,Clothing,Stole,6/25/2020
B-25690,31,10,3,Clothing,Skirt,6/26/2020
B-25691,75,-25,3,Clothing,Stole,6/27/2020
B-25691,17,-9,3,Clothing,Stole,6/28/2020
B-25692,141,28,7,Furniture,Furnishings,6/29/2020
B-25693,68,-30,1,Electronics,Phones,6/30/2020
B-25693,82,-39,5,Clothing,T-shirt,7/1/2020
B-25693,72,-49,1,Electronics,Phones,7/2/2020
B-25693,13,-13,2,Clothing,Skirt,7/3/2020
B-25694,167,43,7,Clothing,T-shirt,7/4/2020
B-25695,171,14,9,Clothing,Shirt,7/5/2020
B-25696,117,-6,3,Electronics,Phones,7/6/2020
B-25696,887,80,3,Electronics,Printers,7/7/2020
B-25697,114,8,3,Electronics,Accessories,7/8/2020
B-25697,1300,-16,8,Electronics,Printers,7/9/2020
B-25697,4,-3,1,Clothing,Skirt,7/10/2020
B-25697,73,-7,1,Electronics,Phones,7/11/2020
B-25697,67,-42,3,Clothing,Stole,7/12/2020
B-25697,322,-193,5,Electronics,Printers,7/13/2020
B-25697,115,-39,3,Clothing,Trousers,7/14/2020
B-25698,516,-392,8,Furniture,Chairs,7/15/2020
B-25698,65,-16,2,Electronics,Phones,7/16/2020
B-25699,20,-22,1,Furniture,Furnishings,7/17/2020
B-25699,49,-31,2,Clothing,Stole,7/18/2020
B-25699,34,-13,5,Clothing,Leggings,7/19/2020
B-25699,21,-5,1,Electronics,Accessories,7/20/2020
B-25700,129,-75,5,Clothing,Shirt,7/21/2020
B-25700,44,-32,3,Clothing,Stole,7/22/2020
B-25701,10,-8,2,Clothing,Skirt,7/23/2020
B-25701,33,-29,3,Clothing,Shirt,7/24/2020
B-25701,98,-45,2,Furniture,Chairs,7/25/2020
B-25702,75,0,3,Clothing,Shirt,7/26/2020
B-25702,424,-17,9,Furniture,Chairs,7/27/2020
B-25702,941,-203,3,Furniture,Tables,7/28/2020
B-25703,42,-23,2,Furniture,Furnishings,7/29/2020
B-25703,17,-3,2,Clothing,Stole,7/30/2020
B-25703,186,-141,9,Clothing,Shirt,7/31/2020
B-25704,126,-63,3,Electronics,Accessories,8/1/2020
B-25704,102,0,3,Electronics,Phones,8/2/2020
B-25705,46,0,2,Electronics,Electronic Games,8/3/2020
B-25706,31,-11,4,Clothing,Stole,8/4/2020
B-25707,8,-6,1,Clothing,Stole,8/5/2020
B-25708,191,13,8,Furniture,Furnishings,8/6/2020
B-25708,709,-100,5,Electronics,Phones,8/7/2020
B-25708,81,-51,7,Clothing,Stole,8/8/2020
B-25708,32,-8,2,Clothing,Stole,8/9/2020
B-25709,41,-6,1,Furniture,Chairs,8/10/2020
B-25710,216,-38,6,Furniture,Furnishings,8/11/2020
B-25710,616,-69,7,Furniture,Furnishings,8/12/2020
B-25710,10,-1,1,Clothing,Leggings,8/13/2020
B-25710,25,0,4,Clothing,Skirt,8/14/2020
B-25710,53,-18,4,Clothing,T-shirt,8/15/2020
B-25710,13,-8,1,Clothing,T-shirt,8/16/2020
B-25712,193,-275,3,Electronics,Phones,8/17/2020
B-25713,158,-63,4,Furniture,Chairs,8/18/2020
B-25714,340,20,7,Clothing,Shirt,8/19/2020
B-25715,416,137,3,Electronics,Phones,8/20/2020
B-25717,90,17,3,Clothing,Shirt,8/21/2020
B-25717,55,-33,2,Furniture,Chairs,8/22/2020
B-25718,371,115,1,Furniture,Bookcases,8/23/2020
B-25718,460,31,3,Furniture,Bookcases,8/24/2020
B-25719,29,10,2,Clothing,Stole,8/25/2020
B-25720,30,-35,1,Furniture,Chairs,8/26/2020
B-25721,29,-18,7,Clothing,Skirt,8/27/2020
B-25721,191,51,5,Clothing,Shirt,8/28/2020
B-25721,149,-40,2,Electronics,Phones,8/29/2020
B-25722,48,-8,8,Clothing,Stole,8/30/2020
B-25723,26,-24,1,Clothing,Stole,8/31/2020
B-25723,16,-12,2,Clothing,Stole,9/1/2020
B-25723,12,-7,2,Clothing,Leggings,9/2/2020
B-25723,76,-54,3,Electronics,Electronic Games,9/3/2020
B-25724,168,-51,2,Furniture,Bookcases,9/4/2020
B-25725,26,-5,2,Clothing,Stole,9/5/2020
B-25725,144,-7,4,Electronics,Electronic Games,9/6/2020
B-25726,490,-128,8,Furniture,Bookcases,9/7/2020
B-25727,57,-48,6,Clothing,Leggings,9/8/2020
B-25727,327,114,4,Clothing,Trousers,9/9/2020
B-25728,1055,264,4,Electronics,Printers,9/10/2020
B-25728,771,-424,2,Electronics,Phones,9/11/2020
B-25729,1549,-439,4,Electronics,Phones,9/12/2020
B-25730,1145,-706,3,Electronics,Phones,9/13/2020
B-25730,473,42,4,Furniture,Chairs,9/14/2020
B-25730,96,22,5,Clothing,Stole,9/15/2020
B-25730,187,30,4,Electronics,Accessories,9/16/2020
B-25730,83,-81,3,Furniture,Chairs,9/17/2020
B-25731,131,-154,8,Furniture,Furnishings,9/18/2020
B-25732,16,-5,2,Clothing,Stole,9/19/2020
B-25733,43,-43,7,Clothing,Stole,9/20/2020
B-25733,30,-10,2,Clothing,Stole,9/21/2020
B-25734,108,-19,3,Electronics,Electronic Games,9/22/2020
B-25735,7,-1,2,Clothing,Skirt,9/23/2020
B-25736,31,-7,5,Clothing,Skirt,9/24/2020
B-25737,187,-15,3,Clothing,Trousers,9/25/2020
B-25738,70,-14,2,Furniture,Furnishings,9/26/2020
B-25738,148,-91,2,Electronics,Phones,9/27/2020
B-25739,133,-56,2,Furniture,Chairs,9/28/2020
B-25740,40,-37,3,Clothing,Stole,9/29/2020
B-25740,7,0,2,Clothing,Skirt,9/30/2020
B-25741,482,-6,7,Electronics,Electronic Games,10/1/2020
B-25742,11,-8,2,Clothing,Skirt,10/2/2020
B-25743,503,-56,2,Clothing,Trousers,10/3/2020
B-25743,74,-51,3,Clothing,Stole,10/4/2020
B-25744,373,-254,6,Electronics,Printers,10/5/2020
B-25745,44,-8,3,Clothing,Stole,10/6/2020
B-25745,670,15,5,Furniture,Bookcases,10/7/2020
B-25745,132,-79,5,Furniture,Furnishings,10/8/2020
B-25747,877,395,2,Furniture,Bookcases,10/9/2020
B-25748,141,10,4,Clothing,Shirt,10/10/2020
B-25748,224,58,3,Electronics,Phones,10/11/2020
B-25748,8,-1,2,Clothing,Leggings,10/12/2020
B-25748,47,-21,2,Electronics,Electronic Games,10/13/2020
B-25749,1052,-82,3,Furniture,Bookcases,10/14/2020
B-25750,212,-24,2,Furniture,Chairs,10/15/2020
B-25750,42,-15,12,Clothing,Skirt,10/16/2020
B-25750,22,-12,3,Clothing,Stole,10/17/2020
B-25750,539,-146,7,Furniture,Furnishings,10/18/2020
B-25750,78,-6,2,Furniture,Furnishings,10/19/2020
B-25750,19,-1,1,Clothing,Shirt,10/20/2020
B-25750,73,-31,1,Furniture,Bookcases,10/21/2020
B-25751,14,-3,2,Clothing,Leggings,10/22/2020
B-25751,68,-56,2,Electronics,Phones,10/23/2020
B-25751,106,0,2,Electronics,Phones,10/24/2020
B-25751,43,21,3,Clothing,Shirt,10/25/2020
B-25751,534,5,2,Electronics,Electronic Games,10/26/2020
B-25751,221,-15,2,Electronics,Electronic Games,10/27/2020
B-25752,1361,197,9,Furniture,Bookcases,10/28/2020
B-25752,761,266,9,Electronics,Electronic Games,10/29/2020
B-25752,76,27,5,Clothing,Stole,10/30/2020
B-25752,91,15,6,Clothing,T-shirt,10/31/2020
B-25752,735,-235,6,Electronics,Printers,11/1/2020
B-25752,33,-27,1,Furniture,Chairs,11/2/2020
B-25753,65,-52,3,Electronics,Accessories,11/3/2020
B-25753,47,-114,5,Furniture,Furnishings,11/4/2020
B-25753,341,-85,6,Clothing,Trousers,11/5/2020
B-25753,107,31,5,Clothing,T-shirt,11/6/2020
B-25753,154,22,7,Clothing,T-shirt,11/7/2020
B-25753,620,82,6,Electronics,Accessories,11/8/2020
B-25753,77,-43,8,Clothing,Stole,11/9/2020
B-25754,41,-14,5,Clothing,Leggings,11/10/2020
B-25754,93,-65,4,Clothing,Stole,11/11/2020
B-25754,19,0,3,Clothing,Skirt,11/12/2020
B-25754,9,-1,3,Clothing,Skirt,11/13/2020
B-25754,262,-215,2,Electronics,Printers,11/14/2020
B-25755,257,-3,2,Furniture,Bookcases,11/15/2020
B-25755,80,-19,5,Clothing,Stole,11/16/2020
B-25755,47,-3,2,Clothing,Stole,11/17/2020
B-25755,593,213,4,Furniture,Bookcases,11/18/2020
B-25755,134,-34,2,Furniture,Chairs,11/19/2020
B-25755,1709,564,3,Clothing,Trousers,11/20/2020
B-25756,465,-33,4,Electronics,Phones,11/21/2020
B-25756,643,-45,2,Electronics,Printers,11/22/2020
B-25756,204,-276,3,Furniture,Bookcases,11/23/2020
B-25756,729,-492,5,Furniture,Bookcases,11/24/2020
B-25756,29,-24,4,Clothing,Leggings,11/25/2020
B-25757,17,-13,4,Clothing,Skirt,11/26/2020
B-25757,34,-11,5,Clothing,T-shirt,11/27/2020
B-25757,98,9,2,Furniture,Furnishings,11/28/2020
B-25757,3151,-35,7,Clothing,Trousers,11/29/2020
B-25757,53,15,2,Clothing,Stole,11/30/2020
B-25757,165,30,3,Clothing,Stole,12/1/2020
B-25757,211,19,8,Clothing,Stole,12/2/2020
B-25757,46,14,5,Clothing,Skirt,12/3/2020
B-25758,8,-2,1,Clothing,Stole,12/4/2020
B-25760,322,-193,5,Electronics,Printers,12/5/2020
B-25761,2188,1050,5,Furniture,Bookcases,12/6/2020
B-25761,328,-15,3,Electronics,Electronic Games,12/7/2020
B-25761,418,70,7,Electronics,Phones,12/8/2020
B-25761,263,-31,9,Electronics,Electronic Games,12/9/2020
B-25762,1316,-527,7,Electronics,Electronic Games,12/10/2020
B-25762,27,4,3,Clothing,Skirt,12/11/2020
B-25763,58,-52,3,Furniture,Chairs,12/12/2020
B-25764,119,43,5,Clothing,T-shirt,12/13/2020
B-25764,765,-153,2,Electronics,Phones,12/14/2020
B-25765,139,14,3,Clothing,Stole,12/15/2020
B-25767,299,-28,3,Electronics,Electronic Games,12/16/2020
B-25767,74,-59,2,Electronics,Accessories,12/17/2020
B-25768,1582,-443,6,Clothing,Trousers,12/18/2020
B-25770,375,180,3,Furniture,Bookcases,12/19/2020
B-25770,299,113,2,Furniture,Bookcases,12/20/2020
B-25770,287,-280,12,Furniture,Chairs,12/21/2020
B-25770,110,35,1,Furniture,Furnishings,12/22/2020
B-25772,1183,106,4,Electronics,Printers,12/23/2020
B-25773,248,-70,3,Furniture,Chairs,12/24/2020
B-25773,209,-21,2,Electronics,Electronic Games,12/25/2020
B-25773,224,-143,3,Furniture,Chairs,12/26/2020
B-25774,38,-6,2,Furniture,Furnishings,12/27/2020
B-25775,50,-17,2,Clothing,Stole,12/28/2020
B-25777,61,-25,4,Electronics,Accessories,12/29/2020
B-25777,59,-46,7,Clothing,T-shirt,12/30/2020
B-25777,1076,-38,4,Electronics,Printers,12/31/2020
B-25778,1506,-266,6,Electronics,Printers,1/1/2019
B-25778,724,-447,4,Electronics,Electronic Games,1/2/2019
B-25779,1361,-980,3,Furniture,Tables,1/3/2019
B-25780,137,-41,3,Electronics,Phones,1/4/2019
B-25781,30,-25,2,Clothing,T-shirt,1/5/2019
B-25781,767,-353,5,Clothing,Trousers,1/6/2019
B-25781,45,-28,2,Clothing,Stole,1/7/2019
B-25781,584,-444,7,Electronics,Printers,1/8/2019
B-25782,335,-22,7,Furniture,Chairs,1/9/2019
B-25783,25,-11,1,Clothing,Stole,1/10/2019
B-25783,33,-10,6,Clothing,Leggings,1/11/2019
B-25783,21,-17,3,Clothing,Shirt,1/12/2019
B-25785,45,0,2,Clothing,T-shirt,1/13/2019
B-25786,1854,433,5,Furniture,Bookcases,1/14/2019
B-25786,623,-192,3,Furniture,Tables,1/15/2019
B-25786,44,-34,3,Clothing,Stole,1/16/2019
B-25786,17,-11,3,Clothing,Skirt,1/17/2019
B-25787,40,-12,3,Clothing,Shirt,1/18/2019
B-25787,229,-41,8,Electronics,Accessories,1/19/2019
B-25787,140,-58,4,Furniture,Furnishings,1/20/2019
B-25788,12,3,1,Clothing,Stole,1/21/2019
B-25789,313,-13,5,Furniture,Bookcases,1/22/2019
B-25789,67,-86,9,Furniture,Furnishings,1/23/2019
B-25790,42,-3,1,Electronics,Electronic Games,1/24/2019
B-25792,74,-25,3,Clothing,Stole,1/25/2019
B-25793,24,-1,4,Clothing,Skirt,1/26/2019
B-25794,176,37,6,Electronics,Accessories,1/27/2019
B-25795,276,-21,2,Electronics,Phones,1/28/2019
B-25796,28,1,1,Electronics,Accessories,1/29/2019
B-25796,239,-162,5,Furniture,Chairs,1/30/2019
B-25796,78,-64,7,Clothing,Stole,1/31/2019
B-25796,559,-19,2,Clothing,Trousers,2/1/2019
B-25797,976,293,4,Electronics,Accessories,2/2/2019
B-25797,148,-101,2,Furniture,Bookcases,2/3/2019
B-25797,413,-314,9,Furniture,Chairs,2/4/2019
B-25797,1630,-802,5,Furniture,Tables,2/5/2019
B-25798,448,148,2,Electronics,Printers,2/6/2019
B-25798,2830,-1981,13,Furniture,Bookcases,2/7/2019
B-25798,47,-3,2,Clothing,Stole,2/8/2019
B-25798,38,-13,3,Clothing,Stole,2/9/2019
B-25799,45,-15,2,Furniture,Chairs,2/10/2019
B-25799,70,-64,5,Clothing,Stole,2/11/2019
B-25800,122,-66,9,Electronics,Accessories,2/12/2019
B-25800,21,-6,3,Clothing,Leggings,2/13/2019
B-25801,49,-31,2,Clothing,Stole,2/14/2019
B-25801,21,-10,4,Clothing,Leggings,2/15/2019
B-25801,15,-2,1,Clothing,T-shirt,2/16/2019
B-25802,633,-633,11,Electronics,Accessories,2/17/2019
B-25802,13,-9,2,Clothing,Skirt,2/18/2019
B-25802,23,-3,1,Clothing,Shirt,2/19/2019
B-25802,95,5,2,Clothing,Stole,2/20/2019
B-25803,106,12,3,Clothing,Trousers,2/21/2019
B-25803,269,91,1,Electronics,Electronic Games,2/22/2019
B-25803,536,91,1,Clothing,Trousers,2/23/2019
B-25803,137,5,5,Clothing,Shirt,2/24/2019
B-25803,757,371,2,Electronics,Printers,2/25/2019
B-25803,511,194,3,Furniture,Chairs,2/26/2019
B-25803,185,48,4,Clothing,Stole,2/27/2019
B-25804,156,36,5,Clothing,T-shirt,2/28/2019
B-25804,321,26,3,Electronics,Printers,3/1/2019
B-25805,112,15,2,Furniture,Chairs,3/2/2019
B-25806,632,-114,4,Furniture,Tables,3/3/2019
B-25807,16,6,1,Clothing,Stole,3/4/2019
B-25808,63,17,6,Clothing,Leggings,3/5/2019
B-25808,146,-63,3,Electronics,Electronic Games,3/6/2019
B-25808,59,21,2,Clothing,Stole,3/7/2019
B-25810,45,6,3,Clothing,Shirt,3/8/2019
B-25810,307,74,3,Electronics,Accessories,3/9/2019
B-25810,92,42,2,Clothing,Stole,3/10/2019
B-25813,911,202,7,Furniture,Chairs,3/11/2019
B-25814,118,35,7,Clothing,T-shirt,3/12/2019
B-25815,35,14,2,Clothing,Stole,3/13/2019
B-25816,391,113,8,Clothing,Stole,3/14/2019
B-25817,743,89,5,Electronics,Printers,3/15/2019
B-25818,32,11,2,Clothing,Leggings,3/16/2019
B-25818,94,20,2,Furniture,Furnishings,3/17/2019
B-25819,417,49,3,Electronics,Electronic Games,3/18/2019
B-25820,119,1,1,Furniture,Chairs,3/19/2019
B-25821,60,21,4,Clothing,Stole,3/20/2019
B-25821,125,0,3,Electronics,Accessories,3/21/2019
B-25823,2103,322,8,Electronics,Electronic Games,3/22/2019
B-25823,104,2,2,Furniture,Furnishings,3/23/2019
B-25823,59,6,1,Electronics,Accessories,3/24/2019
B-25823,103,50,2,Furniture,Furnishings,3/25/2019
B-25824,101,38,2,Furniture,Furnishings,3/26/2019
B-25825,911,355,5,Electronics,Phones,3/27/2019
B-25825,115,25,6,Clothing,Stole,3/28/2019
B-25826,637,261,2,Electronics,Printers,3/29/2019
B-25827,156,21,3,Furniture,Chairs,3/30/2019
B-25828,15,2,1,Clothing,Leggings,3/31/2019
B-25830,71,0,8,Clothing,Skirt,4/1/2019
B-25830,93,15,2,Electronics,Accessories,4/2/2019
B-25830,1063,64,7,Electronics,Phones,4/3/2019
B-25830,1954,782,3,Electronics,Phones,4/4/2019
B-25832,504,116,3,Furniture,Bookcases,4/5/2019
B-25833,45,16,3,Clothing,Stole,4/6/2019
B-25834,16,5,1,Clothing,Stole,4/7/2019
B-25835,52,11,5,Clothing,Leggings,4/8/2019
B-25835,27,2,2,Clothing,Leggings,4/9/2019
B-25835,155,26,3,Clothing,Stole,4/10/2019
B-25836,1298,65,9,Electronics,Printers,4/11/2019
B-25837,263,50,5,Clothing,Stole,4/12/2019
B-25838,955,305,3,Electronics,Printers,4/13/2019
B-25838,161,40,3,Clothing,Stole,4/14/2019
B-25840,246,61,2,Furniture,Bookcases,4/15/2019
B-25840,298,74,2,Furniture,Bookcases,4/16/2019
B-25841,22,11,2,Clothing,Skirt,4/17/2019
B-25842,1543,370,8,Electronics,Printers,4/18/2019
B-25843,50,7,6,Clothing,Skirt,4/19/2019
B-25843,214,30,3,Electronics,Accessories,4/20/2019
B-25843,45,0,2,Clothing,Stole,4/21/2019
B-25845,274,-7,4,Electronics,Phones,4/22/2019
B-25845,757,371,2,Electronics,Printers,4/23/2019
B-25845,132,54,5,Clothing,Stole,4/24/2019
B-25846,94,7,7,Clothing,Leggings,4/25/2019
B-25847,643,225,2,Electronics,Printers,4/26/2019
B-25847,264,71,10,Furniture,Furnishings,4/27/2019
B-25848,147,21,3,Furniture,Furnishings,4/28/2019
B-25848,648,50,6,Electronics,Electronic Games,4/29/2019
B-25849,336,123,3,Electronics,Phones,4/30/2019
B-25850,45,1,3,Clothing,T-shirt,5/1/2019
B-25850,52,18,5,Clothing,Leggings,5/2/2019
B-25850,148,24,3,Clothing,Stole,5/3/2019
B-25850,513,215,2,Electronics,Accessories,5/4/2019
B-25850,117,36,2,Clothing,Trousers,5/5/2019
B-25850,916,192,11,Electronics,Phones,5/6/2019
B-25851,300,42,2,Electronics,Printers,5/7/2019
B-25851,57,27,2,Clothing,T-shirt,5/8/2019
B-25851,336,71,3,Furniture,Bookcases,5/9/2019
B-25851,90,29,5,Clothing,T-shirt,5/10/2019
B-25851,237,47,9,Clothing,T-shirt,5/11/2019
B-25852,320,144,1,Electronics,Printers,5/12/2019
B-25852,97,17,2,Clothing,Stole,5/13/2019
B-25852,50,16,1,Clothing,Stole,5/14/2019
B-25852,869,67,4,Furniture,Tables,5/15/2019
B-25853,39,16,6,Clothing,Skirt,5/16/2019
B-25853,579,139,3,Electronics,Printers,5/17/2019
B-25853,2093,721,5,Furniture,Chairs,5/18/2019
B-25853,95,11,4,Furniture,Furnishings,5/19/2019
B-25853,199,48,4,Clothing,Stole,5/20/2019
B-25854,149,48,6,Clothing,Stole,5/21/2019
B-25854,88,16,4,Clothing,Stole,5/22/2019
B-25854,342,154,7,Furniture,Furnishings,5/23/2019
B-25855,829,19,4,Electronics,Printers,5/24/2019
B-25855,442,31,2,Electronics,Electronic Games,5/25/2019
B-25855,1319,567,5,Electronics,Printers,5/26/2019
B-25855,197,73,1,Furniture,Bookcases,5/27/2019
B-25855,550,242,5,Furniture,Furnishings,5/28/2019
B-25856,74,29,3,Clothing,Stole,5/29/2019
B-25856,10,2,2,Clothing,Skirt,5/30/2019
B-25857,324,39,8,Electronics,Accessories,5/31/2019
B-25857,598,166,4,Furniture,Bookcases,6/1/2019
B-25857,227,59,2,Furniture,Furnishings,6/2/2019
B-25858,29,11,4,Clothing,Skirt,6/3/2019
B-25858,27,5,2,Clothing,Skirt,6/4/2019
B-25858,82,13,2,Clothing,Shirt,6/5/2019
B-25858,294,109,7,Electronics,Accessories,6/6/2019
B-25858,223,27,2,Furniture,Bookcases,6/7/2019
B-25858,2457,665,11,Electronics,Electronic Games,6/8/2019
B-25859,724,253,2,Furniture,Bookcases,6/9/2019
B-25861,50,3,2,Clothing,Stole,6/10/2019
B-25861,216,-83,3,Electronics,Electronic Games,6/11/2019
B-25862,2061,701,5,Furniture,Bookcases,6/12/2019
B-25862,121,41,4,Clothing,Stole,6/13/2019
B-25862,80,3,3,Clothing,Stole,6/14/2019
B-25863,189,87,7,Clothing,Stole,6/15/2019
B-25864,100,6,4,Clothing,Stole,6/16/2019
B-25864,22,8,2,Clothing,Leggings,6/17/2019
B-25866,51,14,2,Clothing,Stole,6/18/2019
B-25867,31,14,3,Clothing,Stole,6/19/2019
B-25867,163,26,4,Clothing,Shirt,6/20/2019
B-25868,170,73,2,Electronics,Accessories,6/21/2019
B-25868,62,-1,1,Electronics,Phones,6/22/2019
B-25868,1118,206,2,Furniture,Tables,6/23/2019
B-25870,57,7,3,Furniture,Furnishings,6/24/2019
B-25872,57,27,2,Clothing,Shirt,6/25/2019
B-25873,66,12,3,Clothing,Stole,6/26/2019
B-25873,367,73,3,Electronics,Electronic Games,6/27/2019
B-25873,1275,357,2,Electronics,Phones,6/28/2019
B-25874,124,54,5,Clothing,T-shirt,6/29/2019
B-25876,282,14,4,Clothing,Trousers,6/30/2019
B-25877,1137,568,2,Clothing,Trousers,7/1/2019
B-25877,269,33,5,Furniture,Chairs,7/2/2019
B-25877,24,8,2,Clothing,Skirt,7/3/2019
B-25878,165,46,3,Furniture,Furnishings,7/4/2019
B-25878,46,0,4,Clothing,Leggings,7/5/2019
B-25878,84,41,3,Clothing,T-shirt,7/6/2019
B-25878,140,15,5,Clothing,Stole,7/7/2019
B-25878,741,267,5,Furniture,Bookcases,7/8/2019
B-25878,719,303,6,Furniture,Chairs,7/9/2019
B-25880,108,37,2,Clothing,Stole,7/10/2019
B-25881,26,9,2,Clothing,Leggings,7/11/2019
B-25881,1351,111,6,Electronics,Electronic Games,7/12/2019
B-25881,2244,247,4,Clothing,Trousers,7/13/2019
B-25881,36,7,3,Clothing,Leggings,7/14/2019
B-25881,2115,23,5,Furniture,Chairs,7/15/2019
B-25882,121,19,4,Clothing,Stole,7/16/2019
B-25883,105,26,8,Clothing,Leggings,7/17/2019
B-25883,127,29,3,Furniture,Furnishings,7/18/2019
B-25883,10,-2,2,Clothing,Leggings,7/19/2019
B-25885,94,27,2,Clothing,Shirt,7/20/2019
B-25885,394,146,2,Furniture,Bookcases,7/21/2019
B-25885,734,248,2,Furniture,Chairs,7/22/2019
B-25885,349,0,7,Clothing,Stole,7/23/2019
B-25886,89,17,2,Clothing,Stole,7/24/2019
B-25886,502,84,4,Electronics,Phones,7/25/2019
B-25886,63,1,4,Clothing,T-shirt,7/26/2019
B-25886,107,37,3,Clothing,Shirt,7/27/2019
B-25887,83,6,6,Clothing,Shirt,7/28/2019
B-25887,2125,234,6,Electronics,Printers,7/29/2019
B-25888,223,4,3,Electronics,Phones,7/30/2019
B-25888,646,213,3,Electronics,Electronic Games,7/31/2019
B-25889,114,11,4,Clothing,T-shirt,8/1/2019
B-25891,121,41,4,Clothing,Stole,8/2/2019
B-25892,139,30,3,Clothing,Shirt,8/3/2019
B-25893,355,114,7,Clothing,Stole,8/4/2019
B-25893,688,103,6,Electronics,Accessories,8/5/2019
B-25893,372,59,3,Electronics,Printers,8/6/2019
B-25893,223,62,7,Clothing,Shirt,8/7/2019
B-25893,83,12,3,Clothing,Stole,8/8/2019
B-25894,1246,62,3,Furniture,Bookcases,8/9/2019
B-25895,388,93,2,Furniture,Bookcases,8/10/2019
B-25896,31,11,3,Clothing,Skirt,8/11/2019
B-25896,190,68,8,Clothing,T-shirt,8/12/2019
B-25896,23,4,2,Clothing,Skirt,8/13/2019
B-25896,79,-2,2,Furniture,Furnishings,8/14/2019
B-25897,43,5,3,Clothing,Stole,8/15/2019
B-25897,734,213,6,Electronics,Electronic Games,8/16/2019
B-25898,33,13,3,Clothing,Leggings,8/17/2019
B-25898,147,73,3,Clothing,Stole,8/18/2019
B-25898,53,5,3,Clothing,T-shirt,8/19/2019
B-25898,171,2,2,Electronics,Electronic Games,8/20/2019
B-25898,915,-99,3,Furniture,Tables,8/21/2019
B-25898,191,93,4,Clothing,Shirt,8/22/2019
B-25898,857,274,2,Furniture,Tables,8/23/2019
B-25899,22,9,2,Clothing,Leggings,8/24/2019
B-25899,28,6,4,Clothing,Skirt,8/25/2019
B-25899,846,9,2,Furniture,Chairs,8/26/2019
B-25900,15,2,1,Clothing,Leggings,8/27/2019
B-25900,140,68,5,Clothing,T-shirt,8/28/2019
B-25900,210,62,2,Electronics,Phones,8/29/2019
B-25901,90,27,2,Clothing,T-shirt,8/30/2019
B-25901,159,2,3,Furniture,Furnishings,8/31/2019
B-25902,268,6,2,Furniture,Bookcases,9/1/2019
B-25902,802,120,7,Electronics,Accessories,9/2/2019
B-25902,1700,85,3,Clothing,Trousers,9/3/2019
B-25902,154,26,4,Electronics,Accessories,9/4/2019
B-25903,455,77,8,Electronics,Accessories,9/5/2019
B-25903,25,11,3,Clothing,Leggings,9/6/2019
B-25903,60,-10,2,Furniture,Furnishings,9/7/2019
B-25903,74,33,2,Clothing,Shirt,9/8/2019
B-25903,336,57,2,Electronics,Phones,9/9/2019
B-25904,871,131,2,Furniture,Bookcases,9/10/2019
B-25904,83,12,2,Furniture,Chairs,9/11/2019
B-25905,152,50,6,Clothing,Stole,9/12/2019
B-25906,78,27,3,Clothing,Stole,9/13/2019
B-25909,108,22,3,Electronics,Accessories,9/14/2019
B-25909,1622,248,3,Electronics,Phones,9/15/2019
B-25909,323,122,5,Electronics,Phones,9/16/2019
B-25909,12,2,2,Clothing,Skirt,9/17/2019
B-25910,125,15,5,Clothing,Shirt,9/18/2019
B-25910,685,7,7,Clothing,Trousers,9/19/2019
B-25910,850,289,5,Electronics,Electronic Games,9/20/2019
B-25910,1622,-624,5,Furniture,Tables,9/21/2019
B-25910,33,1,2,Clothing,Shirt,9/22/2019
B-25912,102,11,6,Clothing,T-shirt,9/23/2019
B-25913,103,21,7,Clothing,Stole,9/24/2019
B-25914,460,143,3,Furniture,Chairs,9/25/2019
B-25914,125,22,3,Clothing,Stole,9/26/2019
B-25915,277,3,1,Electronics,Electronic Games,9/27/2019
B-25916,80,26,9,Clothing,Skirt,9/28/2019
B-25917,100,12,2,Clothing,T-shirt,9/29/2019
B-25918,244,122,5,Furniture,Furnishings,9/30/2019
B-25919,28,4,1,Clothing,T-shirt,10/1/2019
B-25919,110,12,7,Clothing,Stole,10/2/2019
B-25919,636,204,2,Electronics,Printers,10/3/2019
B-25919,1599,37,6,Electronics,Electronic Games,10/4/2019
B-25919,977,244,7,Electronics,Phones,10/5/2019
B-25920,100,7,2,Clothing,T-shirt,10/6/2019
B-25921,170,19,5,Clothing,T-shirt,10/7/2019
B-25921,84,-42,2,Electronics,Accessories,10/8/2019
B-25921,71,-44,5,Electronics,Accessories,10/9/2019
B-25922,52,18,2,Clothing,Stole,10/10/2019
B-25923,226,58,3,Electronics,Accessories,10/11/2019
B-25923,484,28,3,Electronics,Printers,10/12/2019
B-25923,253,-11,1,Clothing,Trousers,10/13/2019
B-25923,3873,891,6,Electronics,Phones,10/14/2019
B-25924,148,54,2,Furniture,Chairs,10/15/2019
B-25925,27,12,1,Clothing,Stole,10/16/2019
B-25925,314,-41,3,Electronics,Electronic Games,10/17/2019
B-25925,1228,14,3,Furniture,Chairs,10/18/2019
B-25926,57,6,5,Clothing,Leggings,10/19/2019
B-25927,200,7,4,Electronics,Electronic Games,10/20/2019
B-25928,25,10,1,Furniture,Furnishings,10/21/2019
B-25928,122,15,3,Electronics,Accessories,10/22/2019
B-25929,1308,536,3,Furniture,Bookcases,10/23/2019
B-25929,216,-135,3,Furniture,Chairs,10/24/2019
B-25929,154,-85,3,Furniture,Chairs,10/25/2019
B-25930,40,13,3,Clothing,T-shirt,10/26/2019
B-25930,351,-94,5,Electronics,Electronic Games,10/27/2019
B-25930,595,119,4,Furniture,Bookcases,10/28/2019
B-25930,202,89,9,Clothing,T-shirt,10/29/2019
B-25931,73,-36,3,Furniture,Chairs,10/30/2019
B-25932,71,-14,4,Furniture,Furnishings,10/31/2019
B-25933,81,-44,3,Clothing,Stole,11/1/2019
B-25935,162,20,3,Furniture,Chairs,11/2/2019
B-25935,1657,460,4,Furniture,Chairs,11/3/2019
B-25937,1101,352,3,Furniture,Bookcases,11/4/2019
B-25938,61,1,2,Furniture,Furnishings,11/5/2019
B-25938,59,25,3,Clothing,Stole,11/6/2019
B-25939,61,18,2,Electronics,Accessories,11/7/2019
B-25939,136,41,3,Electronics,Accessories,11/8/2019
B-25939,469,33,4,Electronics,Electronic Games,11/9/2019
B-25940,55,4,2,Clothing,Stole,11/10/2019
B-25940,46,0,4,Clothing,Leggings,11/11/2019
B-25941,177,41,4,Clothing,Shirt,11/12/2019
B-25942,646,-23,2,Electronics,Printers,11/13/2019
B-25943,48,20,4,Clothing,Stole,11/14/2019
B-25943,1547,340,6,Electronics,Accessories,11/15/2019
B-25945,245,10,2,Furniture,Bookcases,11/16/2019
B-25945,63,14,2,Clothing,Shirt,11/17/2019
B-25945,765,-36,3,Electronics,Electronic Games,11/18/2019
B-25946,146,7,2,Electronics,Phones,11/19/2019
B-25947,207,33,2,Electronics,Accessories,11/20/2019
B-25948,152,23,3,Furniture,Furnishings,11/21/2019
B-25949,140,57,2,Clothing,Trousers,11/22/2019
B-25950,13,4,1,Clothing,Leggings,11/23/2019
B-25950,54,27,2,Clothing,Stole,11/24/2019
B-25950,644,167,2,Electronics,Printers,11/25/2019
B-25950,261,13,6,Clothing,Shirt,11/26/2019
B-25950,1622,95,5,Electronics,Printers,11/27/2019
B-25950,190,19,9,Furniture,Furnishings,11/28/2019
B-25950,133,5,5,Clothing,Stole,11/29/2019
B-25951,102,13,2,Clothing,Stole,11/30/2019
B-25951,50,14,1,Electronics,Electronic Games,12/1/2019
B-25951,120,23,5,Clothing,Stole,12/2/2019
B-25951,40,18,1,Electronics,Accessories,12/3/2019
B-25951,250,100,3,Clothing,Trousers,12/4/2019
B-25951,89,29,2,Clothing,Stole,12/5/2019
B-25951,248,105,2,Electronics,Phones,12/6/2019
B-25951,742,198,2,Furniture,Bookcases,12/7/2019
B-25952,87,32,9,Clothing,Skirt,12/8/2019
B-25952,935,114,4,Electronics,Electronic Games,12/9/2019
B-25952,173,69,3,Furniture,Chairs,12/10/2019
B-25952,352,18,5,Clothing,Trousers,12/11/2019
B-25953,188,-193,2,Electronics,Electronic Games,12/12/2019
B-25953,81,41,3,Clothing,Stole,12/13/2019
B-25953,116,22,1,Electronics,Accessories,12/14/2019
B-25953,67,20,4,Clothing,T-shirt,12/15/2019
B-25953,744,119,6,Electronics,Printers,12/16/2019
B-25953,1218,352,9,Furniture,Bookcases,12/17/2019
B-25953,87,36,5,Clothing,Stole,12/18/2019
B-25954,146,66,1,Electronics,Phones,12/19/2019
B-25954,44,10,3,Clothing,Stole,12/20/2019
B-25954,27,0,2,Clothing,Leggings,12/21/2019
B-25954,48,11,2,Clothing,Shirt,12/22/2019
B-25954,189,60,4,Furniture,Furnishings,12/23/2019
B-25954,524,-25,2,Electronics,Electronic Games,12/24/2019
B-25954,148,9,1,Electronics,Electronic Games,12/25/2019
B-25955,1716,309,7,Electronics,Accessories,12/26/2019
B-25955,45,8,4,Clothing,Skirt,12/27/2019
B-25955,110,20,5,Clothing,Stole,12/28/2019
B-25955,54,14,3,Clothing,T-shirt,12/29/2019
B-25955,954,95,3,Electronics,Printers,12/30/2019
B-25955,2927,146,8,Furniture,Bookcases,12/31/2019
B-25955,294,62,9,Clothing,T-shirt,1/1/2020
B-25955,200,13,5,Electronics,Phones,1/2/2020
B-25956,89,-37,4,Clothing,Shirt,1/3/2020
B-25956,474,56,4,Electronics,Phones,1/4/2020
B-25956,140,28,2,Electronics,Phones,1/5/2020
B-25957,147,73,3,Clothing,Stole,1/6/2020
B-25957,1157,-13,9,Furniture,Bookcases,1/7/2020
B-25959,252,56,2,Electronics,Phones,1/8/2020
B-25959,681,259,4,Furniture,Chairs,1/9/2020
B-25959,132,49,3,Clothing,Shirt,1/10/2020
B-25959,637,212,8,Electronics,Phones,1/11/2020
B-25959,429,17,3,Furniture,Chairs,1/12/2020
B-25960,171,-140,2,Furniture,Bookcases,1/13/2020
B-25961,34,-12,5,Clothing,Leggings,1/14/2020
B-25961,366,84,3,Furniture,Bookcases,1/15/2020
B-25961,26,3,3,Clothing,Skirt,1/16/2020
B-25961,446,53,3,Electronics,Printers,1/17/2020
B-25961,48,16,3,Clothing,Shirt,1/18/2020
B-25961,34,10,3,Clothing,Skirt,1/19/2020
B-25962,260,68,2,Electronics,Printers,1/20/2020
B-25962,312,62,1,Electronics,Electronic Games,1/21/2020
B-25962,544,-152,3,Furniture,Bookcases,1/22/2020
B-25963,53,8,3,Furniture,Furnishings,1/23/2020
B-25964,199,0,4,Clothing,Stole,1/24/2020
B-25964,1270,546,11,Electronics,Electronic Games,1/25/2020
B-25964,346,108,3,Furniture,Chairs,1/26/2020
B-25966,510,234,6,Electronics,Electronic Games,1/27/2020
B-25967,17,2,2,Clothing,Skirt,1/28/2020
B-25967,119,-24,4,Furniture,Furnishings,1/29/2020
B-25968,811,154,7,Electronics,Accessories,1/30/2020
B-25969,720,43,2,Electronics,Printers,1/31/2020
B-25969,2452,191,7,Furniture,Bookcases,2/1/2020
B-25969,171,17,6,Clothing,T-shirt,2/2/2020
B-25970,203,84,2,Electronics,Printers,2/3/2020
B-25970,742,198,2,Furniture,Bookcases,2/4/2020
B-25970,111,9,4,Clothing,Stole,2/5/2020
B-25970,365,107,3,Electronics,Phones,2/6/2020
B-25971,244,83,2,Furniture,Bookcases,2/7/2020
B-25972,115,47,2,Electronics,Accessories,2/8/2020
B-25973,571,108,12,Clothing,Stole,2/9/2020
B-25973,79,39,2,Clothing,Shirt,2/10/2020
B-25973,39,14,5,Clothing,Leggings,2/11/2020
B-25973,4141,1698,13,Electronics,Printers,2/12/2020
B-25974,662,240,2,Furniture,Bookcases,2/13/2020
B-25975,29,2,3,Clothing,Skirt,2/14/2020
B-25976,193,8,4,Clothing,T-shirt,2/15/2020
B-25977,27,1,1,Clothing,Stole,2/16/2020
B-25977,74,29,3,Clothing,Stole,2/17/2020
B-25977,180,54,4,Clothing,T-shirt,2/18/2020
B-25978,1063,-175,4,Electronics,Electronic Games,2/19/2020
B-25978,341,160,7,Clothing,Stole,2/20/2020
B-25979,57,27,2,Clothing,Shirt,2/21/2020
B-25979,284,45,2,Furniture,Bookcases,2/22/2020
B-25981,42,13,3,Clothing,Leggings,2/23/2020
B-25981,62,8,2,Clothing,T-shirt,2/24/2020
B-25981,245,91,2,Furniture,Bookcases,2/25/2020
B-25981,867,251,5,Electronics,Phones,2/26/2020
B-25981,48,2,3,Clothing,Stole,2/27/2020
B-25982,13,3,1,Clothing,Leggings,2/28/2020
B-25983,32,-12,1,Furniture,Chairs,2/29/2020
B-25983,161,-229,8,Furniture,Furnishings,3/1/2020
B-25983,50,-4,6,Clothing,T-shirt,3/2/2020
B-25983,561,118,5,Furniture,Bookcases,3/3/2020
B-25984,304,97,6,Clothing,Stole,3/4/2020
B-25985,108,26,4,Clothing,Shirt,3/5/2020
B-25985,44,11,4,Clothing,Stole,3/6/2020
B-25986,749,307,7,Furniture,Furnishings,3/7/2020
B-25986,71,4,5,Clothing,Leggings,3/8/2020
B-25986,487,-23,3,Electronics,Printers,3/9/2020
B-25986,918,22,9,Electronics,Electronic Games,3/10/2020
B-25987,299,0,6,Clothing,Stole,3/11/2020
B-25988,79,24,9,Clothing,Skirt,3/12/2020
B-25989,10,5,1,Clothing,Stole,3/13/2020
B-25989,42,15,1,Electronics,Accessories,3/14/2020
B-25989,330,81,1,Furniture,Bookcases,3/15/2020
B-25991,188,13,7,Clothing,Shirt,3/16/2020
B-25991,90,30,2,Furniture,Chairs,3/17/2020
B-25992,141,41,3,Clothing,Shirt,3/18/2020
B-25993,44,8,2,Clothing,Stole,3/19/2020
B-25993,610,208,3,Electronics,Printers,3/20/2020
B-25993,4363,305,5,Furniture,Tables,3/21/2020
B-25993,414,199,3,Electronics,Phones,3/22/2020
B-25993,221,26,7,Furniture,Furnishings,3/23/2020
B-25993,201,32,4,Furniture,Furnishings,3/24/2020
B-25993,173,86,1,Electronics,Printers,3/25/2020
B-25994,196,-7,5,Electronics,Phones,3/26/2020
B-25995,1314,342,3,Furniture,Bookcases,3/27/2020
B-25996,62,6,6,Clothing,Skirt,3/28/2020
B-25996,217,72,2,Furniture,Furnishings,3/29/2020
B-25996,286,140,6,Clothing,Shirt,3/30/2020
B-25996,333,50,2,Electronics,Phones,3/31/2020
B-25996,47,1,2,Clothing,Stole,4/1/2020
B-25997,231,99,2,Electronics,Electronic Games,4/2/2020
B-25997,2292,127,7,Furniture,Bookcases,4/3/2020
B-25998,50,-28,5,Furniture,Furnishings,4/4/2020
B-25999,26,-17,1,Clothing,Stole,4/5/2020
B-25999,93,-65,4,Clothing,Stole,4/6/2020
B-25999,51,-49,2,Electronics,Electronic Games,4/7/2020
B-25999,352,74,8,Clothing,Stole,4/8/2020
B-25999,129,11,2,Electronics,Phones,4/9/2020
B-25999,223,62,7,Clothing,Shirt,4/10/2020
B-25999,770,323,3,Electronics,Accessories,4/11/2020
B-25999,109,40,1,Furniture,Furnishings,4/12/2020
B-26000,43,9,4,Clothing,Skirt,4/13/2020
B-26000,676,151,3,Electronics,Printers,4/14/2020
B-26000,597,93,4,Furniture,Chairs,4/15/2020
B-26001,149,17,4,Furniture,Furnishings,4/16/2020
B-26001,8,2,2,Clothing,Skirt,4/17/2020
B-26001,50,9,6,Clothing,Skirt,4/18/2020
B-26002,80,22,3,Clothing,Stole,4/19/2020
B-26002,71,19,3,Clothing,T-shirt,4/20/2020
B-26003,315,-8,3,Furniture,Chairs,4/21/2020
B-26003,652,13,6,Furniture,Furnishings,4/22/2020
B-26003,114,41,6,Furniture,Furnishings,4/23/2020
B-26003,79,16,3,Clothing,T-shirt,4/24/2020
B-26003,1745,122,2,Furniture,Tables,4/25/2020
B-26003,17,2,2,Clothing,Skirt,4/26/2020
B-26004,162,73,2,Electronics,Electronic Games,4/27/2020
B-26005,87,10,3,Clothing,Stole,4/28/2020
B-26006,1301,573,5,Electronics,Accessories,4/29/2020
B-26007,311,72,2,Furniture,Bookcases,4/30/2020
B-26008,22,4,1,Clothing,Stole,5/1/2020
B-26008,57,24,5,Clothing,Leggings,5/2/2020
B-26009,285,128,2,Electronics,Printers,5/3/2020
B-26009,195,12,9,Clothing,Shirt,5/4/2020
B-26010,527,26,3,Electronics,Electronic Games,5/5/2020
B-26010,29,3,2,Clothing,Stole,5/6/2020
B-26010,85,13,2,Clothing,Shirt,5/7/2020
B-26010,176,-13,5,Furniture,Furnishings,5/8/2020
B-26010,55,3,3,Clothing,T-shirt,5/9/2020
B-26011,93,44,2,Clothing,Stole,5/10/2020
B-26013,29,10,3,Clothing,Skirt,5/11/2020
B-26014,406,97,7,Furniture,Chairs,5/12/2020
B-26014,278,39,5,Furniture,Chairs,5/13/2020
B-26016,74,9,3,Clothing,Shirt,5/14/2020
B-26016,429,61,3,Electronics,Electronic Games,5/15/2020
B-26016,134,-13,3,Electronics,Electronic Games,5/16/2020
B-26017,78,7,1,Furniture,Chairs,5/17/2020
B-26018,326,107,3,Furniture,Furnishings,5/18/2020
B-26019,585,175,13,Clothing,T-shirt,5/19/2020
B-26020,319,102,6,Electronics,Accessories,5/20/2020
B-26021,122,59,7,Furniture,Furnishings,5/21/2020
B-26021,49,21,1,Clothing,Stole,5/22/2020
B-26022,1824,-1303,8,Electronics,Phones,5/23/2020
B-26023,1117,447,10,Furniture,Bookcases,5/24/2020
B-26023,29,0,3,Furniture,Furnishings,5/25/2020
B-26023,66,22,3,Clothing,Stole,5/26/2020
B-26023,59,21,2,Clothing,Stole,5/27/2020
B-26024,168,18,6,Clothing,Stole,5/28/2020
B-26025,155,5,3,Clothing,Stole,5/29/2020
B-26025,32,1,2,Clothing,Stole,5/30/2020
B-26027,54,8,4,Clothing,T-shirt,5/31/2020
B-26028,77,36,2,Clothing,Shirt,6/1/2020
B-26028,115,0,1,Electronics,Accessories,6/2/2020
B-26028,1272,547,2,Electronics,Phones,6/3/2020
B-26029,21,10,1,Clothing,T-shirt,6/4/2020
B-26030,11,5,1,Clothing,Skirt,6/5/2020
B-26030,221,35,4,Electronics,Accessories,6/6/2020
B-26030,50,25,5,Clothing,Stole,6/7/2020
B-26030,89,36,3,Clothing,Shirt,6/8/2020
B-26030,291,93,2,Electronics,Printers,6/9/2020
B-26031,67,9,4,Clothing,Leggings,6/10/2020
B-26033,774,170,3,Electronics,Accessories,6/11/2020
B-26033,143,32,1,Furniture,Bookcases,6/12/2020
B-26033,111,35,5,Clothing,Shirt,6/13/2020
B-26034,425,183,5,Electronics,Accessories,6/14/2020
B-26035,520,151,3,Electronics,Phones,6/15/2020
B-26035,369,15,3,Electronics,Electronic Games,6/16/2020
B-26036,341,44,7,Furniture,Furnishings,6/17/2020
B-26037,171,68,7,Clothing,Stole,6/18/2020
B-26038,41,19,2,Clothing,T-shirt,6/19/2020
B-26038,130,61,3,Clothing,Shirt,6/20/2020
B-26038,52,14,2,Clothing,Stole,6/21/2020
B-26038,30,6,1,Clothing,T-shirt,6/22/2020
B-26039,83,34,5,Clothing,Shirt,6/23/2020
B-26040,38,9,2,Clothing,Stole,6/24/2020
B-26040,833,93,3,Clothing,Trousers,6/25/2020
B-26041,176,-28,5,Furniture,Furnishings,6/26/2020
B-26042,36,15,3,Clothing,Stole,6/27/2020
B-26043,185,48,4,Clothing,Stole,6/28/2020
B-26043,30,12,3,Clothing,Skirt,6/29/2020
B-26043,122,50,7,Clothing,Stole,6/30/2020
B-26044,28,10,3,Clothing,Skirt,7/1/2020
B-26045,302,75,6,Furniture,Furnishings,7/2/2020
B-26045,376,0,7,Clothing,Stole,7/3/2020
B-26045,27,5,1,Clothing,Stole,7/4/2020
B-26047,55,12,5,Clothing,Skirt,7/5/2020
B-26048,163,81,2,Electronics,Accessories,7/6/2020
B-26048,401,13,6,Furniture,Chairs,7/7/2020
B-26048,1461,202,5,Furniture,Tables,7/8/2020
B-26048,1104,209,4,Clothing,Trousers,7/9/2020
B-26050,325,32,7,Clothing,T-shirt,7/10/2020
B-26050,487,143,4,Electronics,Phones,7/11/2020
B-26050,166,27,2,Electronics,Accessories,7/12/2020
B-26050,32,6,3,Clothing,Shirt,7/13/2020
B-26050,38,9,2,Clothing,Stole,7/14/2020
B-26050,382,92,2,Electronics,Printers,7/15/2020
B-26051,184,85,6,Clothing,T-shirt,7/16/2020
B-26051,676,195,5,Furniture,Bookcases,7/17/2020
B-26051,669,74,5,Furniture,Bookcases,7/18/2020
B-26051,80,22,3,Clothing,Stole,7/19/2020
B-26051,216,50,4,Clothing,Stole,7/20/2020
B-26051,490,88,2,Electronics,Accessories,7/21/2020
B-26051,1337,147,7,Electronics,Printers,7/22/2020
B-26051,600,102,5,Electronics,Electronic Games,7/23/2020
B-26052,101,16,4,Clothing,T-shirt,7/24/2020
B-26052,15,1,1,Clothing,Shirt,7/25/2020
B-26052,25,7,2,Clothing,Stole,7/26/2020
B-26052,774,170,3,Electronics,Accessories,7/27/2020
B-26053,17,1,2,Clothing,Skirt,7/28/2020
B-26053,246,61,2,Furniture,Bookcases,7/29/2020
B-26053,93,31,3,Electronics,Accessories,7/30/2020
B-26053,594,89,3,Furniture,Bookcases,7/31/2020
B-26053,85,2,6,Clothing,Stole,8/1/2020
B-26053,27,6,3,Clothing,Skirt,8/2/2020
B-26053,120,1,1,Furniture,Chairs,8/3/2020
B-26053,162,55,3,Clothing,Stole,8/4/2020
B-26054,88,19,2,Clothing,Shirt,8/5/2020
B-26054,139,21,3,Electronics,Accessories,8/6/2020
B-26054,139,36,3,Clothing,Stole,8/7/2020
B-26054,138,11,5,Clothing,Stole,8/8/2020
B-26054,156,23,3,Clothing,Stole,8/9/2020
B-26054,559,174,2,Electronics,Electronic Games,8/10/2020
B-26055,227,48,5,Clothing,Stole,8/11/2020
B-26055,5729,64,14,Furniture,Chairs,8/12/2020
B-26055,94,27,2,Clothing,T-shirt,8/13/2020
B-26055,213,4,14,Clothing,Shirt,8/14/2020
B-26055,250,-12,2,Electronics,Printers,8/15/2020
B-26055,1218,420,8,Furniture,Bookcases,8/16/2020
B-26055,671,114,9,Electronics,Phones,8/17/2020
B-26055,57,7,2,Clothing,Shirt,8/18/2020
B-26056,70,24,3,Clothing,Stole,8/19/2020
B-26056,391,90,6,Electronics,Phones,8/20/2020
B-26056,220,40,2,Electronics,Accessories,8/21/2020
B-26056,213,-145,3,Furniture,Bookcases,8/22/2020
B-26057,736,346,5,Electronics,Printers,8/23/2020
B-26057,54,8,4,Clothing,T-shirt,8/24/2020
B-26057,659,-37,2,Furniture,Bookcases,8/25/2020
B-26057,224,87,3,Clothing,Trousers,8/26/2020
B-26059,20,6,1,Clothing,T-shirt,8/27/2020
B-26061,508,203,2,Electronics,Accessories,8/28/2020
B-26061,965,-68,3,Electronics,Printers,8/29/2020
B-26061,206,12,1,Electronics,Printers,8/30/2020
B-26061,109,52,2,Clothing,Stole,8/31/2020
B-26061,27,8,2,Clothing,T-shirt,9/1/2020
B-26062,44,-40,3,Clothing,Stole,9/2/2020
B-26062,50,-17,2,Clothing,Stole,9/3/2020
B-26062,13,-2,1,Clothing,Stole,9/4/2020
B-26063,241,-77,4,Electronics,Electronic Games,9/5/2020
B-26064,75,2,5,Clothing,Leggings,9/6/2020
B-26064,122,38,6,Clothing,T-shirt,9/7/2020
B-26065,146,19,5,Clothing,Stole,9/8/2020
B-26067,618,27,4,Furniture,Bookcases,9/9/2020
B-26067,1137,-14,7,Electronics,Printers,9/10/2020
B-26067,67,2,4,Clothing,T-shirt,9/11/2020
B-26068,193,33,5,Electronics,Accessories,9/12/2020
B-26070,54,12,4,Clothing,Shirt,9/13/2020
B-26070,582,262,5,Furniture,Furnishings,9/14/2020
B-26070,75,29,1,Clothing,Trousers,9/15/2020
B-26072,313,44,3,Electronics,Electronic Games,9/16/2020
B-26073,290,110,9,Clothing,Stole,9/17/2020
B-26073,1514,742,4,Electronics,Printers,9/18/2020
B-26074,57,21,4,Clothing,Leggings,9/19/2020
B-26075,34,12,2,Clothing,Stole,9/20/2020
B-26076,91,22,2,Clothing,Stole,9/21/2020
B-26076,133,46,5,Clothing,Shirt,9/22/2020
B-26076,60,13,2,Clothing,T-shirt,9/23/2020
B-26076,450,190,4,Furniture,Bookcases,9/24/2020
B-26078,17,8,2,Clothing,Skirt,9/25/2020
B-26078,44,20,2,Clothing,T-shirt,9/26/2020
B-26078,557,111,2,Electronics,Electronic Games,9/27/2020
B-26078,137,63,3,Clothing,Stole,9/28/2020
B-26080,109,35,6,Clothing,T-shirt,9/29/2020
B-26081,359,-338,5,Furniture,Bookcases,9/30/2020
B-26081,169,0,3,Electronics,Accessories,10/1/2020
B-26081,79,33,4,Clothing,Stole,10/2/2020
B-26082,95,5,2,Clothing,Stole,10/3/2020
B-26083,43,8,3,Clothing,Leggings,10/4/2020
B-26083,145,16,3,Clothing,T-shirt,10/5/2020
B-26083,143,6,2,Electronics,Accessories,10/6/2020
B-26083,45,17,1,Electronics,Accessories,10/7/2020
B-26084,209,-63,4,Electronics,Electronic Games,10/8/2020
B-26085,1487,624,3,Clothing,Trousers,10/9/2020
B-26085,40,17,2,Clothing,Stole,10/10/2020
B-26086,43,17,2,Clothing,T-shirt,10/11/2020
B-26086,762,101,6,Electronics,Printers,10/12/2020
B-26087,311,40,1,Electronics,Electronic Games,10/13/2020
B-26087,40,10,2,Clothing,Stole,10/14/2020
B-26087,180,0,8,Clothing,Stole,10/15/2020
B-26090,80,22,3,Clothing,Stole,10/16/2020
B-26091,158,69,3,Clothing,Stole,10/17/2020
B-26091,59,10,4,Clothing,Leggings,10/18/2020
B-26092,97,14,2,Clothing,T-shirt,10/19/2020
B-26093,2847,712,8,Electronics,Printers,10/20/2020
B-26093,852,51,5,Furniture,Bookcases,10/21/2020
B-26093,492,187,2,Electronics,Accessories,10/22/2020
B-26093,81,41,5,Clothing,Leggings,10/23/2020
B-26094,152,50,6,Clothing,Stole,10/24/2020
B-26096,45,9,3,Clothing,Leggings,10/25/2020
B-26096,140,56,4,Clothing,Shirt,10/26/2020
B-26096,88,11,3,Electronics,Accessories,10/27/2020
B-26096,451,25,3,Electronics,Phones,10/28/2020
B-26096,264,-26,3,Clothing,Trousers,10/29/2020
B-26097,39,18,2,Clothing,Leggings,10/30/2020
B-26097,185,-26,6,Furniture,Chairs,10/31/2020
B-26097,663,-212,5,Electronics,Printers,11/1/2020
B-26097,671,-309,5,Electronics,Electronic Games,11/2/2020
B-26098,82,8,3,Electronics,Accessories,11/3/2020
B-26098,497,179,3,Furniture,Chairs,11/4/2020
B-26098,96,48,5,Clothing,Leggings,11/5/2020
B-26098,59,15,2,Clothing,T-shirt,11/6/2020
B-26098,46,14,5,Clothing,Skirt,11/7/2020
B-26099,9,3,1,Clothing,Skirt,11/8/2020
B-26099,835,267,5,Electronics,Phones,11/9/2020
B-26099,2366,552,5,Clothing,Trousers,11/10/2020
B-26100,828,230,2,Furniture,Chairs,11/11/2020
B-26100,34,10,2,Clothing,T-shirt,11/12/2020
B-26100,72,16,2,Clothing,Shirt,11/13/2020
